sensor_id,timestamp,temperature,humidity,location,sensor_type
1012,2025-04-08 03:01:58,34.18,71.4,BuildingA_Floor1,TypeC
1012,2025-04-08 02:26:11,32.21,33.83,BuildingA_Floor1,TypeC
1057,2025-04-07 10:15:29,21.99,38.49,BuildingA_Floor2,TypeB
1031,2025-04-06 18:20:51,20.45,76.63,BuildingB_Floor1,TypeB
1078,2025-04-07 07:50:56,23.5,49.55,BuildingA_Floor1,TypeB
1044,2025-04-08 07:49:38,26.77,53.16,BuildingB_Floor2,TypeC
1047,2025-04-09 16:20:15,25.32,63.15,BuildingA_Floor1,TypeA
1012,2025-04-06 23:20:03,20.06,38.82,BuildingB_Floor1,TypeA
1002,2025-04-08 16:58:58,23.43,70.83,BuildingA_Floor1,TypeA
1087,2025-04-05 10:15:46,33.63,30.28,BuildingB_Floor1,TypeA
1025,2025-04-06 22:55:16,19.16,63.45,BuildingA_Floor2,TypeA
1064,2025-04-07 17:48:31,34.55,51.28,BuildingB_Floor1,TypeB
1012,2025-04-08 17:31:50,21.0,40.02,BuildingB_Floor1,TypeA
1089,2025-04-07 23:06:48,18.1,61.54,BuildingB_Floor2,TypeB
1057,2025-04-05 03:26:10,26.1,41.56,BuildingA_Floor1,TypeA
1050,2025-04-06 18:55:01,29.04,70.29,BuildingA_Floor1,TypeA
1089,2025-04-08 04:56:11,21.53,55.53,BuildingB_Floor1,TypeA
1015,2025-04-08 06:58:49,27.25,48.18,BuildingB_Floor1,TypeC
1099,2025-04-04 20:16:43,25.98,41.53,BuildingB_Floor1,TypeA
1042,2025-04-05 08:47:06,22.15,39.81,BuildingA_Floor1,TypeA
1021,2025-04-09 01:13:21,33.72,57.33,BuildingA_Floor2,TypeB
1078,2025-04-06 20:05:48,32.75,61.12,BuildingA_Floor1,TypeB
1100,2025-04-07 16:58:09,28.19,33.3,BuildingA_Floor2,TypeB
1083,2025-04-07 10:03:33,15.62,56.72,BuildingA_Floor2,TypeC
1059,2025-04-08 19:22:21,31.53,46.67,BuildingA_Floor2,TypeA
1043,2025-04-07 17:49:53,21.22,34.81,BuildingB_Floor2,TypeB
1072,2025-04-06 07:13:18,28.98,34.73,BuildingB_Floor1,TypeA
1066,2025-04-08 12:20:48,29.08,46.35,BuildingA_Floor1,TypeB
1028,2025-04-06 18:05:23,32.54,78.03,BuildingB_Floor1,TypeB
1097,2025-04-09 06:45:17,18.98,51.0,BuildingA_Floor1,TypeC
1043,2025-04-09 16:09:01,16.11,49.87,BuildingA_Floor2,TypeC
1043,2025-04-06 06:54:36,22.14,34.58,BuildingB_Floor2,TypeB
1040,2025-04-08 06:29:08,32.18,45.67,BuildingB_Floor1,TypeC
1033,2025-04-08 20:50:52,21.37,55.39,BuildingA_Floor1,TypeB
1080,2025-04-07 13:41:25,18.23,61.94,BuildingA_Floor1,TypeC
1059,2025-04-05 19:21:36,29.66,43.54,BuildingB_Floor2,TypeA
1092,2025-04-05 22:34:24,31.06,64.76,BuildingA_Floor1,TypeB
1060,2025-04-05 15:25:19,23.09,77.2,BuildingA_Floor1,TypeA
1014,2025-04-05 10:46:56,22.6,59.79,BuildingB_Floor2,TypeC
1099,2025-04-09 06:43:32,30.76,54.67,BuildingA_Floor1,TypeB
1075,2025-04-07 03:44:47,18.28,56.77,BuildingB_Floor1,TypeA
1080,2025-04-05 22:01:39,34.98,62.45,BuildingB_Floor1,TypeA
1027,2025-04-08 11:33:31,22.18,68.75,BuildingA_Floor1,TypeB
1017,2025-04-07 14:22:45,30.22,48.66,BuildingA_Floor1,TypeC
1043,2025-04-04 23:13:22,33.55,31.87,BuildingA_Floor1,TypeB
1064,2025-04-06 14:54:28,20.51,74.03,BuildingB_Floor2,TypeC
1082,2025-04-05 03:53:20,31.25,50.77,BuildingB_Floor2,TypeB
1055,2025-04-05 06:11:05,33.37,78.48,BuildingA_Floor1,TypeA
1006,2025-04-08 06:36:45,33.51,55.65,BuildingA_Floor1,TypeA
1046,2025-04-09 00:43:47,16.13,72.25,BuildingA_Floor1,TypeC
1094,2025-04-09 16:00:46,29.71,77.84,BuildingB_Floor1,TypeC
1001,2025-04-07 13:23:21,17.02,62.81,BuildingB_Floor1,TypeB
1053,2025-04-05 05:39:53,17.05,61.76,BuildingA_Floor2,TypeA
1064,2025-04-09 13:07:33,30.46,31.08,BuildingB_Floor1,TypeB
1011,2025-04-08 10:20:25,32.31,57.4,BuildingA_Floor1,TypeA
1030,2025-04-09 11:41:30,24.24,63.55,BuildingB_Floor2,TypeB
1006,2025-04-08 11:37:17,31.51,38.67,BuildingB_Floor1,TypeC
1097,2025-04-07 08:20:45,25.54,59.95,BuildingB_Floor1,TypeB
1049,2025-04-05 17:34:29,22.12,36.43,BuildingA_Floor1,TypeB
1018,2025-04-05 07:53:22,15.95,41.08,BuildingA_Floor2,TypeB
1069,2025-04-04 18:52:43,22.85,54.73,BuildingB_Floor1,TypeB
1044,2025-04-06 22:03:23,18.51,36.67,BuildingA_Floor2,TypeA
1083,2025-04-05 11:37:03,29.59,38.16,BuildingB_Floor2,TypeA
1072,2025-04-09 12:40:37,20.27,51.53,BuildingB_Floor1,TypeB
1061,2025-04-05 21:45:32,29.07,70.01,BuildingA_Floor1,TypeA
1060,2025-04-06 23:05:39,15.61,31.86,BuildingB_Floor1,TypeC
1041,2025-04-08 16:01:14,24.25,44.74,BuildingB_Floor1,TypeC
1066,2025-04-06 14:51:43,26.78,69.3,BuildingA_Floor2,TypeB
1026,2025-04-09 11:17:19,23.16,67.7,BuildingB_Floor2,TypeC
1056,2025-04-05 02:36:39,18.97,61.67,BuildingA_Floor2,TypeC
1091,2025-04-08 17:17:18,26.2,78.32,BuildingA_Floor1,TypeB
1083,2025-04-06 04:33:42,18.01,44.73,BuildingA_Floor1,TypeA
1073,2025-04-06 03:09:44,24.48,79.19,BuildingB_Floor1,TypeC
1075,2025-04-07 21:48:41,17.13,45.62,BuildingA_Floor2,TypeA
1054,2025-04-09 14:12:23,28.73,33.94,BuildingA_Floor2,TypeA
1088,2025-04-05 02:14:01,25.83,73.29,BuildingB_Floor1,TypeB
1041,2025-04-07 22:03:37,32.22,40.73,BuildingA_Floor1,TypeB
1004,2025-04-08 11:20:16,26.01,76.48,BuildingB_Floor1,TypeB
1046,2025-04-07 23:22:30,24.41,43.45,BuildingA_Floor2,TypeA
1094,2025-04-08 09:47:41,33.86,38.9,BuildingB_Floor1,TypeC
1095,2025-04-07 04:46:33,25.8,69.31,BuildingB_Floor2,TypeC
1023,2025-04-06 17:13:51,18.8,76.83,BuildingB_Floor2,TypeC
1091,2025-04-09 03:44:34,24.06,60.89,BuildingA_Floor2,TypeC
1069,2025-04-09 12:35:44,15.86,31.32,BuildingB_Floor2,TypeA
1003,2025-04-08 22:39:04,17.26,49.61,BuildingA_Floor1,TypeB
1094,2025-04-09 05:25:05,34.53,69.55,BuildingA_Floor2,TypeC
1039,2025-04-08 16:37:33,17.33,43.48,BuildingB_Floor2,TypeA
1088,2025-04-07 15:10:44,23.59,62.24,BuildingB_Floor1,TypeA
1049,2025-04-05 02:39:43,22.32,47.93,BuildingA_Floor1,TypeC
1003,2025-04-04 18:41:16,17.56,48.01,BuildingA_Floor2,TypeB
1085,2025-04-07 23:28:58,17.18,58.11,BuildingB_Floor2,TypeB
1053,2025-04-08 22:59:53,19.05,72.44,BuildingA_Floor2,TypeC
1034,2025-04-07 01:00:25,20.86,42.32,BuildingB_Floor1,TypeA
1016,2025-04-08 04:13:45,28.45,74.5,BuildingB_Floor1,TypeB
1003,2025-04-07 03:42:42,27.91,58.51,BuildingA_Floor2,TypeA
1071,2025-04-07 01:09:57,32.01,30.41,BuildingB_Floor1,TypeC
1078,2025-04-05 11:20:31,25.94,37.32,BuildingA_Floor2,TypeC
1032,2025-04-09 07:51:53,16.79,60.52,BuildingB_Floor2,TypeA
1095,2025-04-06 13:59:16,17.79,32.39,BuildingB_Floor2,TypeA
1025,2025-04-08 13:43:01,26.48,57.52,BuildingA_Floor1,TypeA
1098,2025-04-06 12:35:05,31.01,38.39,BuildingA_Floor2,TypeC
1013,2025-04-08 15:24:34,25.47,68.98,BuildingA_Floor1,TypeB
1015,2025-04-05 04:22:45,27.94,72.07,BuildingB_Floor2,TypeA
1036,2025-04-07 03:13:04,17.33,37.05,BuildingA_Floor1,TypeB
1030,2025-04-08 15:34:39,22.63,57.73,BuildingB_Floor1,TypeC
1095,2025-04-07 03:23:05,21.8,75.96,BuildingB_Floor2,TypeB
1062,2025-04-09 11:15:11,19.29,48.68,BuildingA_Floor1,TypeB
1005,2025-04-06 21:50:27,24.61,35.65,BuildingB_Floor2,TypeC
1084,2025-04-08 04:49:46,17.26,48.29,BuildingB_Floor2,TypeB
1086,2025-04-06 01:33:41,26.1,61.76,BuildingA_Floor2,TypeA
1020,2025-04-05 18:25:17,18.45,43.49,BuildingB_Floor2,TypeB
1064,2025-04-07 13:32:33,27.77,74.93,BuildingA_Floor2,TypeB
1047,2025-04-06 00:49:30,28.31,71.62,BuildingA_Floor1,TypeC
1093,2025-04-08 05:33:51,24.37,79.9,BuildingA_Floor1,TypeB
1032,2025-04-05 22:14:00,31.9,35.48,BuildingA_Floor1,TypeA
1040,2025-04-08 12:43:50,15.23,62.19,BuildingB_Floor2,TypeA
1050,2025-04-05 13:43:54,17.09,34.53,BuildingA_Floor1,TypeA
1015,2025-04-07 08:16:44,16.22,74.93,BuildingA_Floor2,TypeB
1056,2025-04-05 01:15:41,33.1,70.07,BuildingA_Floor2,TypeA
1010,2025-04-08 06:37:06,19.76,73.42,BuildingA_Floor1,TypeA
1011,2025-04-06 21:40:37,34.87,30.61,BuildingB_Floor2,TypeC
1088,2025-04-07 13:47:07,30.74,61.17,BuildingA_Floor1,TypeB
1026,2025-04-06 19:23:21,24.08,77.45,BuildingA_Floor2,TypeB
1027,2025-04-07 07:43:40,30.74,34.43,BuildingA_Floor1,TypeB
1025,2025-04-05 18:33:46,25.74,38.25,BuildingB_Floor2,TypeA
1091,2025-04-06 02:16:59,22.54,50.43,BuildingA_Floor1,TypeA
1008,2025-04-06 23:37:11,22.36,39.59,BuildingA_Floor1,TypeC
1008,2025-04-04 20:53:13,16.84,79.64,BuildingB_Floor1,TypeA
1008,2025-04-09 00:53:34,29.78,50.81,BuildingA_Floor2,TypeA
1025,2025-04-06 15:30:36,21.49,74.24,BuildingB_Floor2,TypeC
1064,2025-04-07 15:26:07,31.97,34.78,BuildingA_Floor1,TypeC
1041,2025-04-07 01:11:34,27.2,57.28,BuildingB_Floor2,TypeA
1030,2025-04-09 01:30:08,32.26,30.03,BuildingB_Floor2,TypeA
1074,2025-04-07 21:35:10,24.34,38.77,BuildingA_Floor1,TypeA
1027,2025-04-07 20:16:05,31.86,79.73,BuildingA_Floor2,TypeB
1073,2025-04-06 13:54:31,23.75,42.09,BuildingA_Floor2,TypeA
1031,2025-04-07 17:39:47,23.17,68.38,BuildingB_Floor1,TypeC
1100,2025-04-08 18:54:28,33.69,60.5,BuildingA_Floor2,TypeC
1086,2025-04-07 08:15:09,17.03,30.9,BuildingA_Floor2,TypeB
1085,2025-04-07 22:37:25,25.53,44.43,BuildingB_Floor2,TypeB
1033,2025-04-07 20:09:52,15.28,57.51,BuildingB_Floor2,TypeA
1034,2025-04-07 23:00:10,34.95,77.89,BuildingA_Floor1,TypeC
1054,2025-04-06 01:31:56,18.86,51.95,BuildingB_Floor2,TypeA
1017,2025-04-08 16:49:15,28.5,75.76,BuildingB_Floor1,TypeB
1065,2025-04-06 17:57:46,18.8,59.1,BuildingB_Floor1,TypeC
1019,2025-04-08 23:17:52,32.74,53.7,BuildingA_Floor2,TypeB
1003,2025-04-05 12:23:01,17.37,48.76,BuildingA_Floor2,TypeA
1007,2025-04-08 16:23:44,21.27,59.19,BuildingB_Floor1,TypeB
1002,2025-04-06 08:52:11,31.55,35.0,BuildingB_Floor2,TypeC
1078,2025-04-07 04:35:02,16.17,61.11,BuildingA_Floor2,TypeA
1089,2025-04-06 08:55:52,30.76,46.51,BuildingA_Floor1,TypeC
1025,2025-04-07 00:53:46,32.8,70.48,BuildingA_Floor1,TypeC
1014,2025-04-06 03:52:32,32.59,37.4,BuildingA_Floor1,TypeC
1057,2025-04-08 08:38:37,30.46,34.48,BuildingB_Floor1,TypeC
1031,2025-04-05 12:19:08,27.21,62.09,BuildingB_Floor1,TypeB
1071,2025-04-07 14:35:51,30.79,31.32,BuildingB_Floor1,TypeA
1030,2025-04-06 18:28:21,26.86,50.12,BuildingA_Floor2,TypeB
1018,2025-04-06 23:53:13,32.91,46.79,BuildingA_Floor2,TypeB
1084,2025-04-08 15:27:01,33.51,71.71,BuildingB_Floor1,TypeA
1021,2025-04-08 18:08:27,21.58,46.18,BuildingA_Floor1,TypeC
1041,2025-04-09 16:59:25,20.95,59.73,BuildingA_Floor2,TypeC
1072,2025-04-05 22:50:10,34.4,41.12,BuildingA_Floor2,TypeC
1028,2025-04-08 04:16:11,20.04,60.29,BuildingB_Floor2,TypeA
1044,2025-04-04 18:10:23,24.81,74.39,BuildingB_Floor1,TypeB
1021,2025-04-07 14:25:38,22.87,57.88,BuildingB_Floor1,TypeB
1089,2025-04-05 09:48:46,24.23,31.63,BuildingB_Floor2,TypeC
1027,2025-04-06 22:34:57,32.51,36.34,BuildingB_Floor1,TypeB
1010,2025-04-08 14:31:47,26.54,50.44,BuildingA_Floor1,TypeC
1085,2025-04-08 01:11:18,22.22,47.08,BuildingA_Floor1,TypeB
1008,2025-04-09 00:35:20,31.2,55.51,BuildingA_Floor1,TypeA
1098,2025-04-08 11:13:33,29.94,74.19,BuildingA_Floor2,TypeB
1011,2025-04-05 19:55:40,33.99,71.36,BuildingB_Floor1,TypeC
1055,2025-04-07 20:10:39,22.72,36.24,BuildingA_Floor2,TypeC
1044,2025-04-09 15:12:21,30.77,71.82,BuildingA_Floor2,TypeC
1012,2025-04-05 00:30:37,24.35,49.4,BuildingB_Floor1,TypeC
1058,2025-04-05 16:37:19,16.93,46.91,BuildingB_Floor1,TypeB
1091,2025-04-07 08:36:13,21.17,50.78,BuildingB_Floor2,TypeB
1096,2025-04-09 01:06:46,26.31,47.41,BuildingB_Floor1,TypeC
1062,2025-04-05 14:19:36,26.81,50.75,BuildingA_Floor1,TypeA
1070,2025-04-07 18:27:30,23.47,31.05,BuildingA_Floor2,TypeC
1033,2025-04-08 03:32:37,21.28,42.56,BuildingB_Floor1,TypeA
1066,2025-04-07 08:22:11,24.7,60.75,BuildingB_Floor2,TypeB
1068,2025-04-08 08:47:19,23.46,67.72,BuildingA_Floor2,TypeB
1046,2025-04-05 20:46:35,24.44,65.93,BuildingB_Floor2,TypeA
1080,2025-04-09 04:32:54,33.26,64.89,BuildingB_Floor1,TypeA
1002,2025-04-04 22:27:36,22.18,48.27,BuildingA_Floor2,TypeC
1021,2025-04-09 00:46:25,33.81,47.36,BuildingB_Floor2,TypeA
1083,2025-04-07 22:47:29,16.84,44.04,BuildingA_Floor2,TypeA
1025,2025-04-05 15:59:15,30.06,57.29,BuildingB_Floor2,TypeC
1041,2025-04-06 09:44:55,31.79,75.62,BuildingB_Floor1,TypeA
1058,2025-04-07 22:12:36,18.02,57.95,BuildingB_Floor1,TypeA
1077,2025-04-09 02:41:44,27.58,46.98,BuildingA_Floor2,TypeB
1092,2025-04-06 03:27:32,24.15,58.54,BuildingA_Floor2,TypeB
1077,2025-04-05 03:23:19,25.76,48.79,BuildingA_Floor1,TypeA
1028,2025-04-05 04:53:46,20.19,39.5,BuildingA_Floor1,TypeC
1023,2025-04-05 02:40:57,15.16,35.6,BuildingA_Floor1,TypeB
1014,2025-04-07 04:16:13,34.73,71.08,BuildingB_Floor2,TypeC
1063,2025-04-09 16:14:05,28.16,66.17,BuildingB_Floor1,TypeC
1024,2025-04-06 08:09:08,15.44,38.17,BuildingB_Floor2,TypeC
1086,2025-04-08 02:56:29,26.54,49.75,BuildingA_Floor1,TypeC
1084,2025-04-07 19:28:52,31.16,52.79,BuildingB_Floor2,TypeB
1001,2025-04-09 03:00:00,25.03,60.84,BuildingA_Floor2,TypeA
1048,2025-04-06 22:39:23,16.45,39.56,BuildingA_Floor1,TypeB
1038,2025-04-07 07:03:03,18.16,45.18,BuildingB_Floor2,TypeA
1062,2025-04-06 00:06:03,20.1,65.65,BuildingB_Floor2,TypeA
1022,2025-04-07 17:57:43,15.64,30.62,BuildingB_Floor1,TypeC
1028,2025-04-07 00:20:55,16.61,56.25,BuildingB_Floor2,TypeC
1011,2025-04-09 07:32:56,23.77,46.77,BuildingA_Floor2,TypeB
1091,2025-04-07 06:06:10,17.3,76.1,BuildingB_Floor2,TypeB
1062,2025-04-06 20:05:56,31.23,42.45,BuildingA_Floor2,TypeA
1084,2025-04-07 00:52:01,33.56,30.89,BuildingB_Floor2,TypeC
1072,2025-04-04 20:35:27,32.46,79.52,BuildingA_Floor1,TypeA
1053,2025-04-07 03:44:10,28.13,67.54,BuildingB_Floor1,TypeA
1088,2025-04-04 21:57:52,20.19,38.24,BuildingB_Floor1,TypeA
1021,2025-04-05 09:26:59,34.35,53.45,BuildingB_Floor1,TypeC
1084,2025-04-04 17:41:01,29.77,52.16,BuildingA_Floor2,TypeC
1073,2025-04-09 04:21:24,22.85,69.6,BuildingA_Floor2,TypeB
1005,2025-04-09 01:08:56,34.96,74.82,BuildingB_Floor1,TypeB
1021,2025-04-09 13:05:02,25.25,50.44,BuildingB_Floor1,TypeA
1079,2025-04-06 16:11:13,34.08,37.2,BuildingA_Floor1,TypeA
1018,2025-04-09 01:37:58,16.23,73.26,BuildingB_Floor1,TypeC
1053,2025-04-09 02:06:45,31.94,46.31,BuildingA_Floor1,TypeC
1036,2025-04-06 08:15:49,27.13,60.88,BuildingA_Floor2,TypeA
1099,2025-04-07 09:45:45,22.44,51.31,BuildingA_Floor2,TypeA
1041,2025-04-07 06:42:07,20.02,30.98,BuildingA_Floor2,TypeA
1091,2025-04-08 11:49:09,27.44,31.27,BuildingB_Floor2,TypeA
1063,2025-04-08 09:09:14,19.01,62.24,BuildingB_Floor1,TypeA
1035,2025-04-08 23:47:38,18.23,30.12,BuildingA_Floor1,TypeC
1011,2025-04-05 02:38:44,16.3,78.11,BuildingA_Floor2,TypeB
1001,2025-04-09 02:41:00,20.97,75.07,BuildingA_Floor1,TypeC
1027,2025-04-06 12:24:04,33.95,55.62,BuildingB_Floor1,TypeA
1053,2025-04-08 14:51:36,34.32,66.68,BuildingB_Floor1,TypeA
1074,2025-04-09 13:28:26,34.43,62.62,BuildingA_Floor1,TypeC
1091,2025-04-06 03:45:47,30.56,54.65,BuildingB_Floor1,TypeC
1005,2025-04-06 22:33:38,29.52,55.19,BuildingA_Floor1,TypeB
1051,2025-04-07 19:05:51,26.05,61.44,BuildingA_Floor1,TypeC
1037,2025-04-08 01:13:58,21.86,43.62,BuildingA_Floor1,TypeA
1019,2025-04-08 17:56:41,32.67,30.92,BuildingB_Floor1,TypeA
1079,2025-04-07 18:35:23,24.08,54.35,BuildingA_Floor1,TypeB
1063,2025-04-05 11:58:03,33.15,37.78,BuildingB_Floor1,TypeB
1081,2025-04-08 18:41:53,34.93,55.4,BuildingA_Floor1,TypeC
1053,2025-04-04 22:19:15,27.96,55.79,BuildingA_Floor1,TypeA
1002,2025-04-05 13:15:02,26.42,43.84,BuildingB_Floor1,TypeB
1007,2025-04-08 05:23:42,30.38,39.19,BuildingA_Floor2,TypeC
1036,2025-04-07 02:33:29,16.99,49.59,BuildingA_Floor1,TypeB
1042,2025-04-09 05:57:48,20.72,52.44,BuildingB_Floor2,TypeB
1082,2025-04-05 16:27:57,32.04,32.22,BuildingA_Floor1,TypeC
1031,2025-04-08 21:35:30,29.75,35.1,BuildingB_Floor1,TypeC
1037,2025-04-05 20:24:13,19.2,75.15,BuildingB_Floor2,TypeC
1019,2025-04-09 03:18:20,21.1,48.09,BuildingB_Floor1,TypeB
1088,2025-04-06 18:18:56,18.12,41.02,BuildingA_Floor2,TypeC
1078,2025-04-05 11:32:27,34.91,78.52,BuildingA_Floor1,TypeA
1056,2025-04-06 03:07:32,28.48,35.85,BuildingA_Floor2,TypeB
1056,2025-04-06 13:44:13,15.32,56.93,BuildingB_Floor2,TypeC
1006,2025-04-09 12:21:56,21.88,72.64,BuildingA_Floor1,TypeC
1037,2025-04-06 16:35:32,22.14,56.39,BuildingB_Floor2,TypeB
1016,2025-04-06 09:01:14,24.38,71.83,BuildingA_Floor2,TypeC
1039,2025-04-07 02:47:55,24.86,74.63,BuildingB_Floor2,TypeB
1010,2025-04-07 07:42:16,31.92,57.88,BuildingA_Floor2,TypeB
1042,2025-04-07 09:43:40,21.82,58.88,BuildingA_Floor2,TypeC
1086,2025-04-06 01:35:18,32.91,55.35,BuildingB_Floor2,TypeC
1055,2025-04-09 03:47:26,28.36,52.62,BuildingA_Floor2,TypeB
1037,2025-04-08 05:09:10,32.85,32.67,BuildingA_Floor2,TypeB
1015,2025-04-08 06:26:43,28.94,61.75,BuildingA_Floor2,TypeB
1043,2025-04-08 04:57:08,25.05,57.3,BuildingB_Floor2,TypeC
1011,2025-04-08 11:42:29,20.61,55.37,BuildingA_Floor2,TypeB
1056,2025-04-06 16:36:35,32.61,53.22,BuildingA_Floor1,TypeC
1012,2025-04-05 01:09:33,15.61,41.84,BuildingB_Floor2,TypeA
1028,2025-04-09 02:03:15,31.98,68.66,BuildingA_Floor2,TypeC
1046,2025-04-06 06:52:02,25.78,75.15,BuildingB_Floor2,TypeB
1038,2025-04-04 23:01:38,26.08,74.69,BuildingB_Floor2,TypeB
1073,2025-04-09 07:14:07,30.08,43.61,BuildingB_Floor2,TypeC
1032,2025-04-07 21:05:01,30.36,47.42,BuildingB_Floor2,TypeA
1080,2025-04-06 06:03:57,24.79,75.01,BuildingB_Floor2,TypeA
1094,2025-04-07 09:05:13,24.08,34.14,BuildingB_Floor1,TypeC
1079,2025-04-09 14:42:26,27.51,51.34,BuildingA_Floor1,TypeC
1086,2025-04-06 23:46:29,24.8,52.39,BuildingB_Floor1,TypeA
1049,2025-04-08 15:40:54,31.97,50.24,BuildingA_Floor2,TypeB
1082,2025-04-08 15:37:20,25.73,55.35,BuildingA_Floor1,TypeC
1070,2025-04-08 09:12:02,26.52,78.94,BuildingB_Floor2,TypeA
1040,2025-04-04 17:19:02,24.47,78.14,BuildingA_Floor2,TypeA
1032,2025-04-08 22:22:36,16.41,73.56,BuildingB_Floor1,TypeC
1035,2025-04-06 20:53:07,32.09,31.58,BuildingB_Floor1,TypeB
1031,2025-04-07 15:41:25,19.34,71.19,BuildingA_Floor2,TypeB
1055,2025-04-09 15:46:29,34.48,43.4,BuildingA_Floor1,TypeC
1068,2025-04-08 23:27:57,31.37,66.22,BuildingA_Floor1,TypeC
1079,2025-04-08 13:38:42,20.18,77.66,BuildingB_Floor2,TypeA
1021,2025-04-09 08:23:30,24.93,61.87,BuildingB_Floor1,TypeC
1049,2025-04-08 06:34:22,16.82,36.92,BuildingA_Floor1,TypeA
1007,2025-04-07 19:57:57,32.09,51.59,BuildingB_Floor2,TypeB
1030,2025-04-05 11:57:39,18.55,49.57,BuildingB_Floor2,TypeB
1045,2025-04-05 13:09:57,19.55,66.81,BuildingB_Floor2,TypeB
1083,2025-04-05 18:42:53,29.49,59.54,BuildingB_Floor2,TypeC
1082,2025-04-08 22:53:10,20.28,40.48,BuildingB_Floor1,TypeA
1040,2025-04-06 11:38:31,15.32,33.12,BuildingB_Floor2,TypeB
1085,2025-04-07 07:35:48,23.67,56.89,BuildingB_Floor1,TypeC
1087,2025-04-09 01:25:50,17.88,46.02,BuildingB_Floor2,TypeC
1069,2025-04-06 09:16:37,17.48,47.26,BuildingB_Floor2,TypeA
1038,2025-04-08 21:45:15,28.95,43.83,BuildingB_Floor1,TypeC
1017,2025-04-06 18:23:45,15.33,69.14,BuildingB_Floor1,TypeA
1053,2025-04-07 17:09:50,29.88,33.73,BuildingB_Floor1,TypeA
1100,2025-04-06 09:22:03,31.71,36.76,BuildingB_Floor1,TypeA
1044,2025-04-06 13:49:07,15.27,74.66,BuildingB_Floor2,TypeA
1042,2025-04-05 20:57:47,23.43,52.3,BuildingB_Floor1,TypeB
1016,2025-04-09 07:35:13,29.13,63.55,BuildingA_Floor2,TypeB
1078,2025-04-05 02:22:43,16.0,60.59,BuildingA_Floor1,TypeB
1023,2025-04-05 13:16:40,27.62,49.16,BuildingB_Floor2,TypeA
1083,2025-04-08 05:28:22,18.66,70.13,BuildingB_Floor2,TypeC
1026,2025-04-05 07:05:10,15.51,32.38,BuildingA_Floor1,TypeB
1081,2025-04-06 19:00:36,34.19,39.69,BuildingA_Floor2,TypeA
1066,2025-04-08 03:54:35,30.35,71.15,BuildingB_Floor2,TypeB
1080,2025-04-06 06:40:22,28.25,32.75,BuildingB_Floor2,TypeC
1099,2025-04-05 01:41:38,24.13,69.01,BuildingB_Floor2,TypeB
1024,2025-04-07 02:05:24,30.59,76.77,BuildingB_Floor1,TypeB
1001,2025-04-07 17:20:19,29.41,60.54,BuildingA_Floor1,TypeC
1078,2025-04-06 13:59:22,15.18,55.8,BuildingB_Floor2,TypeA
1064,2025-04-09 16:55:36,31.29,55.44,BuildingB_Floor1,TypeB
1075,2025-04-07 07:16:46,25.41,76.65,BuildingB_Floor1,TypeB
1054,2025-04-08 18:53:08,26.18,65.8,BuildingB_Floor1,TypeB
1093,2025-04-08 07:42:23,32.54,54.66,BuildingB_Floor2,TypeA
1035,2025-04-09 15:44:46,21.22,56.69,BuildingA_Floor1,TypeB
1092,2025-04-05 01:12:42,24.47,30.15,BuildingA_Floor2,TypeA
1062,2025-04-04 19:10:06,33.7,35.96,BuildingA_Floor2,TypeC
1080,2025-04-06 13:52:11,33.14,36.1,BuildingB_Floor1,TypeB
1097,2025-04-04 23:44:24,22.67,50.86,BuildingA_Floor1,TypeC
1100,2025-04-07 23:20:25,29.4,49.77,BuildingA_Floor2,TypeB
1074,2025-04-08 17:48:18,21.7,62.29,BuildingA_Floor1,TypeB
1002,2025-04-05 21:50:23,18.29,76.7,BuildingB_Floor2,TypeC
1005,2025-04-05 01:31:52,19.06,43.41,BuildingB_Floor1,TypeA
1074,2025-04-08 09:48:58,23.64,72.69,BuildingB_Floor2,TypeC
1027,2025-04-08 13:46:40,34.48,60.67,BuildingA_Floor1,TypeC
1043,2025-04-07 04:01:53,15.19,40.11,BuildingA_Floor1,TypeC
1094,2025-04-08 17:34:17,26.97,56.17,BuildingA_Floor2,TypeC
1033,2025-04-05 20:18:22,20.92,78.58,BuildingA_Floor1,TypeB
1092,2025-04-07 00:23:55,32.85,40.05,BuildingA_Floor1,TypeB
1058,2025-04-08 08:15:50,15.11,67.48,BuildingB_Floor2,TypeA
1089,2025-04-05 16:08:11,27.52,54.58,BuildingA_Floor2,TypeA
1051,2025-04-05 15:44:31,22.32,53.5,BuildingA_Floor1,TypeA
1022,2025-04-08 03:17:05,16.95,57.04,BuildingA_Floor1,TypeA
1039,2025-04-08 17:41:27,15.59,48.32,BuildingA_Floor2,TypeA
1099,2025-04-06 07:13:56,24.56,55.08,BuildingB_Floor1,TypeA
1049,2025-04-09 13:44:37,17.63,60.92,BuildingA_Floor2,TypeC
1057,2025-04-08 09:24:55,22.48,59.32,BuildingB_Floor1,TypeB
1052,2025-04-06 13:48:29,16.02,70.78,BuildingA_Floor1,TypeA
1019,2025-04-07 22:58:15,25.81,64.53,BuildingA_Floor2,TypeB
1068,2025-04-06 09:16:15,25.14,53.91,BuildingB_Floor1,TypeA
1025,2025-04-07 21:52:27,28.71,68.17,BuildingB_Floor1,TypeC
1007,2025-04-04 23:12:27,30.72,39.15,BuildingA_Floor1,TypeC
1061,2025-04-08 12:47:42,27.29,79.48,BuildingB_Floor2,TypeA
1079,2025-04-05 11:04:48,22.5,54.64,BuildingA_Floor2,TypeC
1021,2025-04-06 02:46:16,19.51,32.79,BuildingB_Floor2,TypeC
1006,2025-04-09 00:20:05,34.22,33.39,BuildingA_Floor2,TypeC
1051,2025-04-08 00:36:41,20.03,40.24,BuildingB_Floor1,TypeC
1074,2025-04-09 03:50:16,23.1,39.0,BuildingA_Floor2,TypeB
1062,2025-04-09 08:34:13,27.82,56.04,BuildingB_Floor1,TypeA
1016,2025-04-06 12:17:15,21.05,50.76,BuildingB_Floor1,TypeC
1006,2025-04-07 22:02:35,20.73,57.51,BuildingA_Floor2,TypeC
1044,2025-04-06 09:21:57,19.16,42.0,BuildingA_Floor1,TypeA
1071,2025-04-08 05:33:25,27.11,46.28,BuildingA_Floor1,TypeC
1074,2025-04-09 02:00:02,21.54,46.95,BuildingB_Floor2,TypeA
1000,2025-04-08 14:56:07,32.47,39.44,BuildingA_Floor1,TypeA
1071,2025-04-06 14:32:58,30.14,72.23,BuildingB_Floor2,TypeC
1003,2025-04-05 09:20:51,20.99,45.92,BuildingB_Floor1,TypeA
1052,2025-04-09 02:11:18,26.09,58.66,BuildingB_Floor1,TypeB
1046,2025-04-06 22:07:28,34.29,47.1,BuildingB_Floor2,TypeB
1052,2025-04-06 08:24:59,15.71,59.0,BuildingB_Floor1,TypeB
1020,2025-04-05 00:32:12,34.77,40.24,BuildingB_Floor2,TypeC
1097,2025-04-06 05:58:12,27.46,39.01,BuildingB_Floor2,TypeC
1094,2025-04-09 07:36:39,17.73,61.24,BuildingA_Floor1,TypeB
1001,2025-04-06 08:51:19,24.41,58.45,BuildingA_Floor2,TypeB
1012,2025-04-09 03:11:49,23.55,68.47,BuildingB_Floor1,TypeB
1073,2025-04-05 21:29:39,31.83,58.42,BuildingA_Floor2,TypeA
1015,2025-04-07 18:08:23,29.79,77.69,BuildingA_Floor1,TypeA
1091,2025-04-06 19:51:42,16.13,50.11,BuildingB_Floor1,TypeC
1088,2025-04-08 01:23:57,26.38,31.17,BuildingA_Floor2,TypeA
1047,2025-04-05 14:20:46,29.76,70.24,BuildingA_Floor1,TypeB
1080,2025-04-04 23:18:17,27.81,63.32,BuildingB_Floor1,TypeC
1082,2025-04-05 05:37:42,28.98,55.47,BuildingB_Floor2,TypeA
1053,2025-04-05 15:44:27,27.31,47.86,BuildingB_Floor2,TypeC
1019,2025-04-07 06:56:22,25.03,33.18,BuildingA_Floor2,TypeC
1040,2025-04-04 21:43:43,18.24,38.19,BuildingA_Floor1,TypeA
1012,2025-04-09 15:24:07,31.64,48.46,BuildingB_Floor1,TypeA
1018,2025-04-06 16:28:48,23.54,79.06,BuildingA_Floor2,TypeA
1019,2025-04-07 22:22:28,30.27,68.62,BuildingA_Floor2,TypeC
1076,2025-04-07 09:01:54,27.59,61.67,BuildingB_Floor1,TypeB
1034,2025-04-06 08:00:06,17.14,69.21,BuildingA_Floor2,TypeA
1070,2025-04-07 18:55:59,28.32,73.71,BuildingA_Floor1,TypeC
1020,2025-04-08 04:14:49,32.29,64.68,BuildingA_Floor2,TypeC
1058,2025-04-06 03:53:14,24.38,48.98,BuildingB_Floor1,TypeA
1092,2025-04-05 23:58:00,30.78,54.31,BuildingB_Floor1,TypeB
1025,2025-04-06 06:08:03,23.27,33.88,BuildingA_Floor1,TypeB
1009,2025-04-06 20:25:07,20.47,77.4,BuildingB_Floor1,TypeB
1005,2025-04-09 01:31:17,19.11,57.94,BuildingA_Floor1,TypeC
1054,2025-04-09 13:37:21,30.4,77.73,BuildingB_Floor2,TypeA
1082,2025-04-08 20:16:31,27.8,48.31,BuildingA_Floor1,TypeC
1097,2025-04-06 04:21:29,20.51,41.78,BuildingA_Floor2,TypeC
1064,2025-04-08 16:23:18,29.78,53.24,BuildingA_Floor2,TypeB
1071,2025-04-06 09:05:07,16.21,40.36,BuildingA_Floor1,TypeB
1009,2025-04-07 01:56:51,27.42,40.32,BuildingA_Floor2,TypeB
1069,2025-04-06 04:15:55,16.64,66.61,BuildingA_Floor2,TypeC
1049,2025-04-05 19:59:54,22.07,63.3,BuildingB_Floor2,TypeB
1097,2025-04-04 23:36:41,15.09,32.11,BuildingB_Floor1,TypeB
1046,2025-04-08 08:14:56,32.4,79.17,BuildingB_Floor1,TypeA
1082,2025-04-07 13:21:34,34.43,31.73,BuildingB_Floor2,TypeA
1066,2025-04-07 09:50:47,20.81,53.74,BuildingA_Floor2,TypeA
1041,2025-04-07 03:28:45,25.97,60.51,BuildingB_Floor2,TypeB
1051,2025-04-06 02:57:49,16.25,75.49,BuildingB_Floor2,TypeA
1070,2025-04-07 06:08:12,28.86,55.94,BuildingB_Floor2,TypeB
1043,2025-04-05 19:36:49,18.39,61.15,BuildingB_Floor2,TypeC
1022,2025-04-07 04:35:19,16.61,41.76,BuildingB_Floor2,TypeB
1038,2025-04-05 06:44:03,29.41,63.5,BuildingA_Floor1,TypeA
1004,2025-04-07 17:48:10,34.83,68.12,BuildingB_Floor1,TypeB
1066,2025-04-09 04:55:43,32.78,33.95,BuildingA_Floor2,TypeB
1026,2025-04-07 20:36:35,31.67,31.38,BuildingB_Floor2,TypeA
1040,2025-04-05 05:09:32,16.26,66.84,BuildingB_Floor1,TypeB
1043,2025-04-07 09:43:12,33.81,39.71,BuildingB_Floor2,TypeC
1024,2025-04-07 17:41:18,30.9,46.94,BuildingA_Floor1,TypeB
1010,2025-04-05 19:12:38,29.85,46.75,BuildingA_Floor2,TypeA
1048,2025-04-05 00:26:19,23.87,46.68,BuildingA_Floor2,TypeA
1082,2025-04-06 11:31:09,15.96,41.13,BuildingB_Floor2,TypeB
1006,2025-04-05 05:26:32,18.01,42.4,BuildingB_Floor2,TypeB
1059,2025-04-05 22:45:19,22.32,50.31,BuildingB_Floor2,TypeA
1096,2025-04-06 20:36:43,16.81,78.46,BuildingA_Floor1,TypeC
1057,2025-04-09 03:07:26,32.54,52.23,BuildingA_Floor2,TypeA
1003,2025-04-09 09:19:31,34.73,34.69,BuildingB_Floor2,TypeA
1091,2025-04-09 06:02:27,32.74,79.49,BuildingB_Floor2,TypeC
1047,2025-04-07 02:06:43,29.23,54.04,BuildingB_Floor1,TypeB
1052,2025-04-05 12:23:30,34.58,74.53,BuildingB_Floor1,TypeA
1087,2025-04-09 15:50:43,23.24,55.79,BuildingB_Floor1,TypeC
1017,2025-04-08 13:08:41,25.14,38.5,BuildingB_Floor1,TypeA
1011,2025-04-07 12:14:33,32.05,55.05,BuildingA_Floor2,TypeC
1021,2025-04-06 01:01:54,32.84,72.55,BuildingA_Floor1,TypeC
1029,2025-04-08 01:10:02,19.46,53.55,BuildingB_Floor1,TypeB
1089,2025-04-06 14:04:55,24.29,77.78,BuildingB_Floor1,TypeB
1042,2025-04-08 05:07:12,23.7,40.59,BuildingA_Floor2,TypeC
1054,2025-04-09 06:44:13,17.24,56.56,BuildingA_Floor1,TypeB
1019,2025-04-08 23:03:44,18.95,62.56,BuildingA_Floor1,TypeC
1029,2025-04-08 23:32:21,17.66,32.32,BuildingB_Floor2,TypeB
1091,2025-04-08 15:47:56,25.96,51.89,BuildingA_Floor2,TypeB
1031,2025-04-07 21:15:59,33.99,50.75,BuildingA_Floor1,TypeA
1084,2025-04-09 03:46:26,29.44,61.1,BuildingA_Floor1,TypeC
1057,2025-04-08 12:15:13,15.89,68.99,BuildingA_Floor1,TypeB
1048,2025-04-08 02:31:22,19.02,38.86,BuildingB_Floor2,TypeA
1032,2025-04-05 00:36:19,18.61,41.52,BuildingB_Floor2,TypeC
1022,2025-04-05 14:41:03,28.1,57.43,BuildingB_Floor1,TypeA
1096,2025-04-08 16:51:26,22.16,43.16,BuildingB_Floor1,TypeB
1058,2025-04-07 06:35:46,15.81,59.55,BuildingA_Floor1,TypeA
1070,2025-04-05 22:18:22,19.07,33.12,BuildingB_Floor1,TypeC
1071,2025-04-05 03:25:25,26.31,37.23,BuildingA_Floor2,TypeC
1016,2025-04-05 13:25:33,30.35,69.22,BuildingB_Floor1,TypeA
1038,2025-04-06 21:19:29,31.16,33.72,BuildingA_Floor1,TypeA
1060,2025-04-08 04:51:47,18.91,67.76,BuildingB_Floor1,TypeA
1033,2025-04-07 15:00:17,15.65,61.81,BuildingA_Floor2,TypeA
1095,2025-04-05 07:10:46,32.82,45.56,BuildingA_Floor1,TypeC
1084,2025-04-08 14:28:55,32.51,69.54,BuildingB_Floor1,TypeA
1019,2025-04-09 00:53:38,24.9,45.6,BuildingA_Floor1,TypeA
1083,2025-04-08 16:04:13,23.35,48.06,BuildingA_Floor2,TypeA
1095,2025-04-08 23:05:28,23.01,41.02,BuildingB_Floor2,TypeA
1090,2025-04-04 20:27:23,29.47,54.16,BuildingA_Floor2,TypeB
1082,2025-04-07 12:08:34,19.77,44.2,BuildingA_Floor1,TypeB
1084,2025-04-06 03:58:36,31.47,79.46,BuildingA_Floor2,TypeA
1099,2025-04-07 15:35:56,25.58,34.16,BuildingA_Floor2,TypeA
1074,2025-04-08 20:25:40,33.97,50.32,BuildingA_Floor2,TypeC
1040,2025-04-04 19:09:05,29.25,30.33,BuildingB_Floor1,TypeC
1081,2025-04-06 22:33:12,30.26,45.1,BuildingB_Floor2,TypeC
1001,2025-04-05 10:18:25,17.23,43.7,BuildingB_Floor1,TypeA
1039,2025-04-07 21:01:32,27.08,45.11,BuildingB_Floor2,TypeA
1070,2025-04-08 22:10:12,34.39,72.14,BuildingA_Floor1,TypeB
1044,2025-04-05 16:26:37,25.89,40.24,BuildingA_Floor2,TypeB
1093,2025-04-07 01:56:42,25.9,44.81,BuildingB_Floor2,TypeA
1068,2025-04-07 17:54:02,17.18,54.92,BuildingB_Floor2,TypeC
1013,2025-04-06 12:44:18,18.93,40.05,BuildingB_Floor2,TypeA
1027,2025-04-07 20:10:09,19.65,47.16,BuildingB_Floor1,TypeA
1062,2025-04-08 11:42:34,24.52,39.11,BuildingB_Floor2,TypeB
1063,2025-04-07 07:30:24,34.3,62.55,BuildingB_Floor2,TypeC
1062,2025-04-05 09:15:26,32.67,39.53,BuildingA_Floor1,TypeA
1078,2025-04-08 02:03:46,27.85,62.32,BuildingB_Floor2,TypeB
1078,2025-04-09 04:21:12,32.1,53.29,BuildingA_Floor1,TypeC
1066,2025-04-05 08:49:45,29.05,61.9,BuildingA_Floor1,TypeC
1088,2025-04-05 07:48:59,30.93,74.24,BuildingB_Floor2,TypeB
1076,2025-04-06 06:34:54,28.67,34.22,BuildingA_Floor1,TypeB
1097,2025-04-06 20:28:06,16.42,38.03,BuildingA_Floor1,TypeB
1020,2025-04-06 11:42:15,21.29,50.7,BuildingB_Floor2,TypeA
1073,2025-04-07 18:24:48,34.45,33.41,BuildingA_Floor2,TypeB
1001,2025-04-05 17:33:38,16.58,57.76,BuildingB_Floor1,TypeB
1088,2025-04-09 01:39:58,20.4,58.37,BuildingA_Floor1,TypeC
1025,2025-04-08 22:32:27,29.61,73.04,BuildingB_Floor2,TypeC
1096,2025-04-05 05:22:02,32.02,40.75,BuildingA_Floor1,TypeA
1051,2025-04-09 05:27:15,33.05,52.64,BuildingA_Floor2,TypeB
1053,2025-04-07 08:24:59,30.96,72.99,BuildingA_Floor1,TypeC
1079,2025-04-08 01:20:32,22.75,76.59,BuildingA_Floor2,TypeA
1006,2025-04-06 23:49:06,19.85,65.81,BuildingA_Floor2,TypeB
1060,2025-04-09 17:00:29,21.97,52.0,BuildingB_Floor2,TypeC
1013,2025-04-05 15:26:30,20.29,56.13,BuildingB_Floor2,TypeB
1044,2025-04-05 12:37:37,18.36,70.81,BuildingA_Floor1,TypeC
1080,2025-04-09 14:40:32,26.15,56.25,BuildingA_Floor2,TypeA
1006,2025-04-05 18:35:36,21.67,56.2,BuildingB_Floor1,TypeC
1055,2025-04-07 11:04:09,32.81,60.46,BuildingA_Floor2,TypeB
1003,2025-04-07 06:43:23,32.78,71.57,BuildingA_Floor1,TypeA
1060,2025-04-08 10:20:49,28.45,42.46,BuildingB_Floor1,TypeA
1024,2025-04-08 21:25:11,24.69,49.99,BuildingA_Floor2,TypeB
1039,2025-04-08 23:45:08,26.45,63.27,BuildingA_Floor1,TypeA
1084,2025-04-06 18:28:04,31.5,39.75,BuildingB_Floor1,TypeC
1037,2025-04-06 05:49:00,26.11,35.52,BuildingB_Floor2,TypeA
1001,2025-04-05 01:47:34,28.28,62.12,BuildingA_Floor2,TypeC
1055,2025-04-04 20:26:18,29.71,31.64,BuildingB_Floor2,TypeB
1083,2025-04-08 13:46:12,24.97,51.03,BuildingB_Floor2,TypeA
1016,2025-04-05 02:29:37,29.42,38.1,BuildingA_Floor2,TypeB
1037,2025-04-08 04:02:24,25.41,74.96,BuildingB_Floor2,TypeB
1095,2025-04-05 17:54:37,33.19,42.5,BuildingB_Floor2,TypeC
1019,2025-04-09 15:53:42,16.4,61.14,BuildingB_Floor2,TypeC
1016,2025-04-06 04:54:02,28.58,38.03,BuildingA_Floor1,TypeA
1097,2025-04-08 22:57:18,22.48,65.89,BuildingB_Floor1,TypeC
1059,2025-04-08 05:50:23,18.77,64.16,BuildingA_Floor1,TypeB
1042,2025-04-07 02:04:38,29.94,55.34,BuildingB_Floor2,TypeC
1057,2025-04-05 00:58:25,29.88,57.11,BuildingB_Floor2,TypeC
1089,2025-04-08 13:50:00,20.96,76.61,BuildingA_Floor2,TypeC
1099,2025-04-08 16:11:48,24.11,53.47,BuildingA_Floor1,TypeA
1007,2025-04-05 23:55:04,34.08,40.62,BuildingA_Floor1,TypeC
1013,2025-04-06 05:14:41,21.47,77.89,BuildingA_Floor2,TypeC
1036,2025-04-05 22:02:37,15.56,46.32,BuildingA_Floor2,TypeA
1043,2025-04-07 17:08:32,20.41,38.79,BuildingA_Floor1,TypeB
1092,2025-04-06 21:23:35,31.93,40.44,BuildingA_Floor2,TypeC
1088,2025-04-04 22:47:16,16.54,68.67,BuildingB_Floor1,TypeA
1038,2025-04-08 10:27:03,28.47,31.75,BuildingB_Floor1,TypeA
1039,2025-04-04 21:01:29,33.22,32.78,BuildingB_Floor1,TypeC
1027,2025-04-05 16:32:17,22.74,59.0,BuildingA_Floor2,TypeA
1049,2025-04-08 11:55:15,31.9,39.66,BuildingA_Floor2,TypeC
1047,2025-04-06 05:39:23,16.12,70.46,BuildingB_Floor1,TypeB
1037,2025-04-08 08:43:17,18.92,76.94,BuildingB_Floor1,TypeC
1054,2025-04-05 19:45:03,19.36,44.38,BuildingB_Floor2,TypeC
1046,2025-04-04 22:00:49,24.53,68.15,BuildingB_Floor1,TypeA
1051,2025-04-06 03:23:35,32.46,75.5,BuildingA_Floor1,TypeA
1055,2025-04-05 02:05:14,26.47,75.32,BuildingB_Floor2,TypeA
1006,2025-04-06 01:46:03,29.42,58.13,BuildingA_Floor2,TypeC
1099,2025-04-06 16:40:34,32.54,66.5,BuildingB_Floor2,TypeC
1017,2025-04-07 18:16:43,16.97,48.87,BuildingA_Floor2,TypeC
1078,2025-04-07 08:22:44,32.14,69.9,BuildingB_Floor1,TypeB
1097,2025-04-09 09:05:57,24.15,44.47,BuildingB_Floor1,TypeC
1053,2025-04-09 01:00:11,19.29,30.73,BuildingB_Floor1,TypeA
1058,2025-04-05 12:09:23,32.56,59.25,BuildingA_Floor1,TypeB
1073,2025-04-05 05:44:52,24.03,66.23,BuildingB_Floor2,TypeB
1070,2025-04-05 16:23:57,15.98,70.87,BuildingB_Floor2,TypeB
1088,2025-04-07 02:23:49,28.25,51.68,BuildingA_Floor2,TypeA
1097,2025-04-08 10:43:10,25.75,49.88,BuildingA_Floor1,TypeC
1026,2025-04-06 05:30:42,31.17,62.52,BuildingB_Floor1,TypeB
1026,2025-04-05 08:09:17,27.32,68.72,BuildingB_Floor2,TypeB
1049,2025-04-08 01:30:56,26.81,53.92,BuildingA_Floor2,TypeB
1037,2025-04-07 11:11:09,18.64,79.65,BuildingB_Floor1,TypeB
1010,2025-04-06 13:29:59,31.33,68.27,BuildingB_Floor2,TypeA
1071,2025-04-06 13:31:26,15.61,75.0,BuildingA_Floor2,TypeC
1023,2025-04-08 12:08:16,27.8,74.09,BuildingB_Floor1,TypeA
1061,2025-04-04 17:44:42,21.83,48.9,BuildingB_Floor1,TypeA
1095,2025-04-06 05:31:12,19.53,47.8,BuildingA_Floor1,TypeC
1093,2025-04-04 21:51:18,27.64,72.08,BuildingB_Floor2,TypeC
1057,2025-04-06 18:18:55,23.16,76.59,BuildingB_Floor1,TypeA
1041,2025-04-04 19:35:32,16.48,42.07,BuildingB_Floor1,TypeC
1082,2025-04-08 17:30:09,15.36,72.73,BuildingA_Floor2,TypeA
1097,2025-04-05 18:30:51,24.92,69.54,BuildingA_Floor1,TypeB
1075,2025-04-06 08:43:11,21.28,33.76,BuildingA_Floor2,TypeB
1042,2025-04-08 16:00:14,33.72,38.69,BuildingA_Floor1,TypeB
1027,2025-04-06 08:06:20,28.33,78.45,BuildingA_Floor1,TypeB
1018,2025-04-07 23:11:12,24.62,39.8,BuildingA_Floor2,TypeC
1008,2025-04-06 23:52:20,26.89,37.51,BuildingA_Floor2,TypeC
1077,2025-04-04 18:53:32,25.27,31.15,BuildingB_Floor1,TypeC
1001,2025-04-05 10:20:43,22.21,58.79,BuildingB_Floor1,TypeA
1100,2025-04-08 06:28:40,17.24,36.66,BuildingA_Floor1,TypeC
1059,2025-04-09 04:07:24,32.23,75.42,BuildingA_Floor2,TypeB
1067,2025-04-04 20:40:35,33.36,40.0,BuildingB_Floor1,TypeC
1100,2025-04-07 13:50:38,16.5,44.56,BuildingA_Floor2,TypeB
1016,2025-04-09 04:58:01,29.28,33.82,BuildingA_Floor1,TypeA
1020,2025-04-04 23:27:06,26.14,42.21,BuildingB_Floor1,TypeC
1051,2025-04-06 06:14:42,18.27,70.51,BuildingA_Floor1,TypeC
1028,2025-04-08 01:31:03,26.16,32.2,BuildingA_Floor1,TypeA
1095,2025-04-09 06:01:37,25.51,66.62,BuildingA_Floor2,TypeC
1048,2025-04-09 02:52:20,21.61,79.32,BuildingB_Floor2,TypeA
1011,2025-04-06 18:51:13,21.54,35.68,BuildingB_Floor1,TypeA
1035,2025-04-09 09:05:20,25.88,49.14,BuildingA_Floor1,TypeB
1074,2025-04-06 23:25:41,21.34,72.47,BuildingB_Floor2,TypeA
1035,2025-04-07 10:38:15,31.07,34.97,BuildingB_Floor1,TypeC
1022,2025-04-06 07:38:40,32.23,76.25,BuildingB_Floor1,TypeC
1081,2025-04-07 21:26:28,25.67,79.06,BuildingA_Floor2,TypeC
1034,2025-04-05 09:52:03,26.07,38.54,BuildingB_Floor1,TypeC
1019,2025-04-06 15:16:40,17.46,75.7,BuildingB_Floor1,TypeA
1054,2025-04-07 20:32:20,30.8,43.57,BuildingB_Floor2,TypeC
1080,2025-04-09 15:30:30,15.42,46.26,BuildingA_Floor2,TypeB
1007,2025-04-05 11:38:14,19.68,79.91,BuildingA_Floor1,TypeB
1058,2025-04-07 18:34:52,34.93,45.88,BuildingA_Floor1,TypeB
1092,2025-04-06 18:27:37,27.67,73.57,BuildingB_Floor1,TypeA
1097,2025-04-06 02:06:17,26.47,57.2,BuildingA_Floor1,TypeC
1031,2025-04-09 05:53:40,33.19,77.9,BuildingB_Floor1,TypeB
1047,2025-04-09 10:28:11,30.19,57.09,BuildingA_Floor2,TypeA
1045,2025-04-05 13:31:51,34.32,32.11,BuildingA_Floor2,TypeC
1071,2025-04-09 00:55:28,23.25,41.89,BuildingA_Floor1,TypeC
1089,2025-04-07 17:34:50,28.2,60.7,BuildingA_Floor1,TypeC
1049,2025-04-08 03:51:34,34.7,78.16,BuildingA_Floor2,TypeB
1038,2025-04-07 15:51:53,28.36,74.24,BuildingB_Floor1,TypeA
1041,2025-04-06 20:12:20,17.71,51.96,BuildingB_Floor2,TypeB
1003,2025-04-07 02:41:40,24.89,78.71,BuildingA_Floor2,TypeC
1026,2025-04-06 06:55:30,29.01,66.58,BuildingA_Floor1,TypeA
1057,2025-04-06 10:47:37,17.46,31.97,BuildingB_Floor2,TypeC
1069,2025-04-09 06:15:50,20.41,33.87,BuildingB_Floor2,TypeC
1060,2025-04-08 19:30:15,29.43,74.44,BuildingA_Floor1,TypeA
1080,2025-04-05 04:50:12,25.79,50.53,BuildingA_Floor1,TypeC
1043,2025-04-04 18:41:24,26.5,62.89,BuildingB_Floor2,TypeA
1060,2025-04-06 10:45:44,24.97,62.15,BuildingB_Floor2,TypeB
1055,2025-04-04 22:09:22,18.27,43.47,BuildingA_Floor1,TypeB
1064,2025-04-09 08:45:13,26.17,63.31,BuildingA_Floor2,TypeA
1071,2025-04-07 18:15:55,25.95,53.63,BuildingB_Floor1,TypeB
1079,2025-04-08 07:48:28,28.75,66.99,BuildingA_Floor1,TypeA
1032,2025-04-05 06:16:01,23.88,47.59,BuildingA_Floor2,TypeB
1033,2025-04-06 21:31:13,34.98,44.48,BuildingB_Floor2,TypeC
1033,2025-04-07 21:47:27,26.19,63.5,BuildingB_Floor1,TypeB
1049,2025-04-06 11:35:58,16.92,77.33,BuildingA_Floor1,TypeB
1073,2025-04-08 05:57:07,23.43,77.39,BuildingB_Floor1,TypeA
1034,2025-04-06 20:03:25,23.15,78.84,BuildingB_Floor1,TypeC
1009,2025-04-05 17:59:02,34.56,67.87,BuildingB_Floor1,TypeC
1024,2025-04-08 02:30:22,32.64,59.86,BuildingA_Floor1,TypeB
1026,2025-04-06 05:35:53,16.3,58.41,BuildingB_Floor1,TypeB
1091,2025-04-06 22:28:07,28.09,39.29,BuildingB_Floor2,TypeA
1054,2025-04-09 14:48:29,15.2,59.88,BuildingB_Floor2,TypeA
1081,2025-04-09 06:08:44,33.0,47.23,BuildingA_Floor1,TypeB
1086,2025-04-09 13:33:12,33.42,47.26,BuildingA_Floor2,TypeA
1039,2025-04-06 22:53:26,22.96,45.04,BuildingB_Floor2,TypeB
1051,2025-04-07 04:47:15,23.12,54.62,BuildingB_Floor2,TypeA
1023,2025-04-08 23:20:52,24.68,64.49,BuildingA_Floor2,TypeC
1024,2025-04-07 01:04:34,20.33,72.99,BuildingB_Floor2,TypeC
1076,2025-04-06 09:16:52,19.84,68.27,BuildingA_Floor1,TypeB
1033,2025-04-06 15:45:10,16.25,55.22,BuildingA_Floor1,TypeA
1025,2025-04-07 20:18:00,26.24,56.75,BuildingB_Floor1,TypeB
1004,2025-04-07 19:17:11,18.53,35.73,BuildingA_Floor1,TypeB
1008,2025-04-08 23:55:49,33.23,73.11,BuildingB_Floor2,TypeA
1054,2025-04-08 01:28:51,28.27,58.78,BuildingA_Floor2,TypeC
1082,2025-04-04 17:36:04,16.47,68.9,BuildingA_Floor1,TypeC
1071,2025-04-08 19:16:13,29.29,61.72,BuildingA_Floor2,TypeA
1069,2025-04-05 10:16:45,25.26,57.49,BuildingA_Floor1,TypeC
1064,2025-04-07 22:37:23,28.13,61.86,BuildingA_Floor2,TypeB
1070,2025-04-06 18:31:37,16.9,47.95,BuildingB_Floor1,TypeB
1023,2025-04-05 07:52:20,25.39,68.69,BuildingB_Floor1,TypeC
1030,2025-04-05 01:02:27,29.48,42.04,BuildingA_Floor1,TypeC
1083,2025-04-07 17:16:09,26.29,62.77,BuildingA_Floor2,TypeC
1026,2025-04-05 19:33:16,19.7,32.45,BuildingA_Floor2,TypeA
1028,2025-04-06 11:46:15,29.96,76.04,BuildingB_Floor2,TypeA
1068,2025-04-07 15:47:11,27.01,32.05,BuildingB_Floor2,TypeC
1017,2025-04-05 05:51:25,30.58,38.85,BuildingB_Floor1,TypeB
1015,2025-04-07 16:19:39,26.43,71.09,BuildingA_Floor1,TypeA
1064,2025-04-06 00:49:28,18.45,68.42,BuildingB_Floor1,TypeA
1079,2025-04-05 09:05:43,34.06,44.57,BuildingA_Floor2,TypeA
1010,2025-04-07 03:30:51,33.55,79.5,BuildingB_Floor2,TypeA
1071,2025-04-05 07:21:35,21.82,75.84,BuildingB_Floor2,TypeB
1003,2025-04-06 11:32:02,16.37,37.42,BuildingB_Floor1,TypeA
1049,2025-04-09 03:16:31,22.04,77.84,BuildingB_Floor1,TypeC
1076,2025-04-07 09:52:47,15.58,63.45,BuildingB_Floor2,TypeA
1043,2025-04-09 03:47:48,24.43,72.44,BuildingB_Floor1,TypeC
1023,2025-04-09 12:44:11,24.62,49.01,BuildingA_Floor1,TypeA
1030,2025-04-09 04:07:28,15.89,52.87,BuildingA_Floor1,TypeB
1080,2025-04-08 00:01:39,24.15,64.28,BuildingA_Floor1,TypeA
1034,2025-04-05 19:58:50,25.02,36.43,BuildingA_Floor1,TypeA
1040,2025-04-09 16:42:37,21.79,45.78,BuildingA_Floor1,TypeA
1056,2025-04-07 11:27:01,33.26,76.35,BuildingA_Floor1,TypeA
1089,2025-04-06 15:47:18,23.72,69.07,BuildingA_Floor2,TypeB
1080,2025-04-07 13:27:14,24.48,76.29,BuildingB_Floor2,TypeA
1087,2025-04-06 06:47:18,23.83,55.22,BuildingB_Floor2,TypeB
1063,2025-04-07 16:18:50,15.63,55.28,BuildingA_Floor2,TypeB
1065,2025-04-09 05:23:10,20.39,59.03,BuildingB_Floor1,TypeB
1079,2025-04-07 02:28:38,15.03,61.96,BuildingB_Floor2,TypeC
1046,2025-04-08 16:36:51,31.15,73.56,BuildingA_Floor2,TypeC
1052,2025-04-05 15:58:48,17.35,64.72,BuildingA_Floor1,TypeB
1093,2025-04-05 09:44:36,16.05,35.25,BuildingB_Floor1,TypeC
1031,2025-04-06 20:34:40,26.16,65.69,BuildingA_Floor2,TypeC
1057,2025-04-08 00:19:35,23.7,61.07,BuildingB_Floor2,TypeC
1047,2025-04-05 20:58:27,27.54,31.09,BuildingB_Floor2,TypeA
1083,2025-04-08 01:55:12,32.07,57.49,BuildingA_Floor2,TypeC
1099,2025-04-09 01:43:29,32.31,58.99,BuildingA_Floor2,TypeA
1097,2025-04-09 08:59:35,18.17,47.57,BuildingA_Floor2,TypeC
1065,2025-04-07 04:44:13,20.99,73.46,BuildingB_Floor1,TypeB
1087,2025-04-09 06:19:09,21.35,75.76,BuildingB_Floor2,TypeC
1046,2025-04-04 23:56:21,17.17,52.45,BuildingA_Floor1,TypeB
1005,2025-04-08 09:05:39,19.29,71.77,BuildingA_Floor1,TypeA
1031,2025-04-08 23:06:09,20.13,34.0,BuildingB_Floor2,TypeC
1057,2025-04-08 01:30:26,28.52,37.5,BuildingA_Floor1,TypeB
1055,2025-04-08 09:44:37,29.82,69.44,BuildingB_Floor1,TypeA
1005,2025-04-09 12:10:36,23.2,45.66,BuildingA_Floor1,TypeB
1064,2025-04-05 14:52:22,23.66,50.8,BuildingA_Floor2,TypeA
1047,2025-04-06 00:29:12,24.77,77.42,BuildingB_Floor2,TypeB
1062,2025-04-09 12:34:02,22.25,37.9,BuildingA_Floor2,TypeB
1080,2025-04-04 18:48:06,25.17,55.12,BuildingA_Floor1,TypeC
1005,2025-04-05 16:46:36,32.27,38.0,BuildingA_Floor2,TypeA
1034,2025-04-04 23:32:26,30.04,66.26,BuildingB_Floor1,TypeC
1078,2025-04-09 14:58:00,20.11,72.78,BuildingA_Floor2,TypeC
1010,2025-04-06 16:26:08,15.86,35.11,BuildingA_Floor1,TypeB
1000,2025-04-07 21:19:31,31.56,39.81,BuildingA_Floor2,TypeA
1065,2025-04-05 08:15:42,20.98,75.58,BuildingA_Floor2,TypeA
1018,2025-04-06 00:46:39,33.18,61.52,BuildingA_Floor2,TypeC
1040,2025-04-09 11:14:29,15.42,43.33,BuildingB_Floor1,TypeA
1035,2025-04-04 19:45:23,19.83,40.49,BuildingA_Floor2,TypeC
1099,2025-04-07 13:36:38,32.94,37.43,BuildingA_Floor1,TypeB
1079,2025-04-07 10:19:37,25.93,78.16,BuildingB_Floor1,TypeC
1058,2025-04-08 15:11:20,26.02,70.64,BuildingB_Floor2,TypeC
1008,2025-04-08 15:53:40,17.35,53.04,BuildingB_Floor2,TypeB
1064,2025-04-08 03:56:49,29.54,55.91,BuildingA_Floor1,TypeC
1053,2025-04-09 07:40:16,22.24,75.0,BuildingA_Floor2,TypeB
1049,2025-04-09 11:43:15,18.6,65.06,BuildingB_Floor1,TypeB
1006,2025-04-07 00:01:57,33.98,67.05,BuildingB_Floor2,TypeC
1030,2025-04-08 00:31:57,31.18,60.2,BuildingB_Floor1,TypeC
1087,2025-04-06 11:40:14,29.44,30.16,BuildingB_Floor1,TypeB
1016,2025-04-07 07:09:04,22.01,44.26,BuildingB_Floor1,TypeB
1068,2025-04-09 01:48:00,28.43,36.17,BuildingB_Floor2,TypeA
1015,2025-04-09 16:25:08,17.38,31.05,BuildingA_Floor2,TypeC
1039,2025-04-05 05:25:18,19.09,69.01,BuildingA_Floor2,TypeC
1062,2025-04-06 12:49:13,34.09,51.66,BuildingA_Floor1,TypeB
1094,2025-04-07 23:15:19,33.82,60.85,BuildingB_Floor1,TypeA
1007,2025-04-09 13:33:18,18.04,73.02,BuildingA_Floor2,TypeC
1053,2025-04-05 15:47:53,30.28,35.73,BuildingB_Floor1,TypeA
1030,2025-04-05 03:47:22,25.92,50.69,BuildingA_Floor2,TypeB
1032,2025-04-09 04:54:09,20.91,40.82,BuildingA_Floor2,TypeB
1080,2025-04-09 14:44:50,29.18,70.05,BuildingA_Floor2,TypeB
1015,2025-04-06 19:16:06,15.19,71.54,BuildingB_Floor2,TypeC
1064,2025-04-06 12:08:08,16.01,77.8,BuildingB_Floor1,TypeB
1024,2025-04-06 17:10:55,29.24,44.49,BuildingA_Floor2,TypeC
1038,2025-04-09 07:14:27,27.24,58.48,BuildingA_Floor2,TypeB
1011,2025-04-04 17:40:50,33.94,64.51,BuildingA_Floor1,TypeC
1021,2025-04-05 04:15:23,32.83,67.31,BuildingA_Floor1,TypeC
1044,2025-04-07 15:39:59,17.71,48.97,BuildingA_Floor2,TypeB
1077,2025-04-06 04:46:34,28.61,58.39,BuildingB_Floor2,TypeA
1041,2025-04-05 10:59:55,25.17,73.22,BuildingB_Floor2,TypeA
1074,2025-04-06 13:30:25,15.64,51.36,BuildingA_Floor1,TypeB
1074,2025-04-07 09:03:57,18.2,70.29,BuildingB_Floor2,TypeB
1000,2025-04-09 10:43:24,15.35,77.34,BuildingA_Floor2,TypeA
1046,2025-04-09 14:59:21,32.14,48.09,BuildingA_Floor2,TypeC
1039,2025-04-07 22:11:22,25.57,66.59,BuildingA_Floor2,TypeB
1059,2025-04-08 09:59:33,34.41,65.79,BuildingA_Floor1,TypeA
1030,2025-04-07 17:41:19,32.95,54.98,BuildingA_Floor2,TypeA
1098,2025-04-08 14:03:07,17.97,37.63,BuildingB_Floor2,TypeB
1091,2025-04-06 19:02:49,23.9,71.77,BuildingB_Floor2,TypeA
1095,2025-04-09 15:13:41,16.45,77.37,BuildingB_Floor2,TypeB
1070,2025-04-08 09:01:44,22.28,46.64,BuildingB_Floor1,TypeC
1002,2025-04-07 19:45:18,26.57,67.75,BuildingB_Floor1,TypeC
1072,2025-04-07 05:35:53,33.51,48.63,BuildingA_Floor1,TypeA
1072,2025-04-06 04:31:27,19.89,62.14,BuildingB_Floor1,TypeB
1062,2025-04-07 19:37:17,16.2,54.65,BuildingA_Floor1,TypeB
1087,2025-04-09 02:06:23,19.22,47.89,BuildingA_Floor2,TypeB
1074,2025-04-06 02:08:24,17.09,63.28,BuildingB_Floor1,TypeB
1081,2025-04-05 03:15:10,28.13,57.95,BuildingB_Floor2,TypeC
1069,2025-04-06 22:41:34,28.66,61.25,BuildingB_Floor2,TypeC
1048,2025-04-06 17:04:47,28.8,31.03,BuildingA_Floor1,TypeC
1028,2025-04-06 22:56:57,33.18,45.29,BuildingA_Floor2,TypeC
1005,2025-04-09 05:52:25,34.76,71.74,BuildingA_Floor1,TypeA
1092,2025-04-05 05:47:45,16.66,51.2,BuildingB_Floor2,TypeA
1088,2025-04-07 23:48:57,28.45,78.52,BuildingA_Floor2,TypeB
1076,2025-04-05 18:37:13,18.68,72.32,BuildingB_Floor2,TypeA
1096,2025-04-05 10:54:00,22.22,56.37,BuildingB_Floor2,TypeB
1027,2025-04-05 15:50:25,29.67,32.11,BuildingA_Floor1,TypeB
1061,2025-04-07 02:55:01,24.16,31.21,BuildingB_Floor2,TypeB
1070,2025-04-07 18:46:19,23.1,63.55,BuildingA_Floor2,TypeA
1021,2025-04-08 05:56:31,32.54,58.85,BuildingB_Floor2,TypeC
1006,2025-04-07 09:06:59,15.72,52.56,BuildingB_Floor2,TypeA
1002,2025-04-08 16:50:24,22.21,75.36,BuildingB_Floor2,TypeA
1050,2025-04-05 10:59:00,30.4,53.39,BuildingA_Floor2,TypeA
1017,2025-04-09 13:15:33,24.72,56.15,BuildingB_Floor1,TypeA
1064,2025-04-08 22:25:15,18.07,79.65,BuildingA_Floor1,TypeB
1024,2025-04-09 08:36:12,19.82,63.87,BuildingB_Floor1,TypeB
1009,2025-04-07 04:27:15,16.55,55.53,BuildingB_Floor1,TypeA
1022,2025-04-07 09:02:51,15.29,52.49,BuildingB_Floor2,TypeB
1066,2025-04-07 08:49:29,27.42,76.74,BuildingB_Floor2,TypeC
1036,2025-04-05 11:13:25,18.12,67.36,BuildingB_Floor1,TypeC
1004,2025-04-06 21:16:04,17.49,47.36,BuildingB_Floor2,TypeC
1085,2025-04-05 19:44:30,32.89,56.72,BuildingB_Floor1,TypeA
1093,2025-04-09 10:43:22,34.26,78.46,BuildingA_Floor1,TypeC
1067,2025-04-07 10:41:47,28.22,68.95,BuildingB_Floor2,TypeA
1087,2025-04-09 08:03:08,28.59,43.23,BuildingB_Floor2,TypeA
1064,2025-04-09 04:16:10,23.15,32.59,BuildingA_Floor1,TypeB
1093,2025-04-07 19:45:21,21.75,66.27,BuildingA_Floor1,TypeC
1052,2025-04-07 22:36:18,18.92,59.1,BuildingA_Floor2,TypeC
1100,2025-04-06 23:12:36,25.47,75.59,BuildingB_Floor2,TypeB
1057,2025-04-09 07:32:35,23.11,51.15,BuildingB_Floor1,TypeA
1021,2025-04-07 08:39:33,23.3,40.62,BuildingA_Floor2,TypeB
1073,2025-04-04 21:21:14,21.9,39.18,BuildingA_Floor1,TypeC
1071,2025-04-08 14:29:26,30.13,62.09,BuildingB_Floor2,TypeC
1049,2025-04-05 11:41:58,22.87,50.03,BuildingB_Floor1,TypeA
1045,2025-04-07 00:54:33,28.04,77.39,BuildingB_Floor2,TypeB
1041,2025-04-06 09:10:07,22.76,43.84,BuildingA_Floor1,TypeC
1044,2025-04-06 09:06:31,19.41,38.71,BuildingB_Floor1,TypeA
1083,2025-04-06 07:54:18,29.61,52.64,BuildingB_Floor2,TypeA
1045,2025-04-07 10:48:46,21.53,49.16,BuildingA_Floor1,TypeB
1028,2025-04-08 00:31:30,27.13,50.01,BuildingA_Floor2,TypeC
1023,2025-04-09 01:19:44,28.82,66.89,BuildingA_Floor1,TypeA
1069,2025-04-06 15:55:58,15.94,64.05,BuildingB_Floor1,TypeC
1036,2025-04-09 07:24:07,30.01,62.27,BuildingB_Floor2,TypeA
1022,2025-04-05 15:41:43,17.11,45.0,BuildingA_Floor1,TypeC
1056,2025-04-08 02:46:34,17.62,59.47,BuildingA_Floor1,TypeA
1033,2025-04-09 13:11:18,33.02,75.27,BuildingA_Floor2,TypeC
1032,2025-04-07 08:47:24,23.18,56.79,BuildingA_Floor2,TypeA
1004,2025-04-07 02:32:20,32.65,30.31,BuildingA_Floor1,TypeA
1008,2025-04-07 14:46:05,25.58,72.4,BuildingB_Floor1,TypeB
1038,2025-04-06 09:14:52,26.41,65.28,BuildingA_Floor2,TypeC
1026,2025-04-07 01:56:31,22.26,46.71,BuildingA_Floor2,TypeA
1041,2025-04-08 23:16:41,20.89,48.84,BuildingB_Floor1,TypeA
1021,2025-04-08 06:25:33,28.38,43.45,BuildingA_Floor1,TypeA
1008,2025-04-07 12:43:38,15.47,65.77,BuildingB_Floor2,TypeA
1068,2025-04-06 04:11:08,18.23,47.76,BuildingB_Floor1,TypeA
1097,2025-04-06 22:43:20,19.45,61.76,BuildingA_Floor2,TypeC
1051,2025-04-06 10:40:08,29.66,69.82,BuildingB_Floor1,TypeA
1081,2025-04-05 23:16:54,32.65,65.14,BuildingB_Floor1,TypeB
1093,2025-04-05 22:27:17,23.1,55.69,BuildingB_Floor2,TypeB
1032,2025-04-06 05:12:26,17.62,49.25,BuildingA_Floor2,TypeC
1030,2025-04-06 15:01:25,23.77,49.71,BuildingB_Floor2,TypeB
1031,2025-04-09 00:57:17,33.62,55.33,BuildingA_Floor2,TypeB
1089,2025-04-09 14:13:45,19.53,69.17,BuildingB_Floor1,TypeC
1025,2025-04-06 10:45:10,27.22,59.89,BuildingB_Floor1,TypeB
1007,2025-04-05 05:53:26,16.8,58.68,BuildingA_Floor1,TypeC
1031,2025-04-05 04:52:14,23.98,41.34,BuildingB_Floor1,TypeA
1021,2025-04-08 12:12:58,27.03,62.4,BuildingB_Floor2,TypeA
1029,2025-04-07 09:44:10,30.41,39.08,BuildingA_Floor2,TypeC
1082,2025-04-04 23:07:17,28.94,43.52,BuildingB_Floor2,TypeC
1015,2025-04-08 20:46:37,28.83,64.44,BuildingA_Floor1,TypeB
1067,2025-04-05 05:37:49,21.58,57.4,BuildingB_Floor2,TypeB
1012,2025-04-08 16:01:38,28.01,39.47,BuildingA_Floor1,TypeA
1041,2025-04-04 22:01:23,22.43,33.06,BuildingA_Floor1,TypeA
1044,2025-04-07 02:59:17,30.95,49.96,BuildingB_Floor2,TypeC
1075,2025-04-09 01:09:17,29.86,30.53,BuildingB_Floor1,TypeC
1086,2025-04-08 00:45:08,33.13,66.69,BuildingA_Floor1,TypeA
1010,2025-04-08 10:08:08,15.49,37.51,BuildingA_Floor2,TypeB
1062,2025-04-04 18:57:28,32.07,75.39,BuildingB_Floor2,TypeC
1075,2025-04-06 21:38:28,15.34,36.85,BuildingB_Floor2,TypeB
1004,2025-04-07 13:35:34,18.99,39.42,BuildingB_Floor1,TypeB
1088,2025-04-08 19:03:42,26.96,36.4,BuildingB_Floor1,TypeC
1041,2025-04-07 06:02:58,18.42,74.75,BuildingA_Floor1,TypeB
1035,2025-04-05 16:59:14,23.32,42.56,BuildingA_Floor2,TypeC
1057,2025-04-07 06:23:06,22.18,50.21,BuildingA_Floor1,TypeA
1024,2025-04-06 08:00:15,32.06,48.75,BuildingB_Floor2,TypeB
1094,2025-04-08 10:05:42,23.85,47.65,BuildingB_Floor1,TypeA
1085,2025-04-06 03:10:42,23.08,40.15,BuildingB_Floor2,TypeA
1057,2025-04-09 04:10:24,30.81,53.77,BuildingA_Floor2,TypeC
1016,2025-04-06 22:19:24,19.93,65.66,BuildingB_Floor1,TypeC
1059,2025-04-08 10:55:36,24.09,77.54,BuildingA_Floor2,TypeA
1001,2025-04-05 18:03:23,33.47,42.48,BuildingA_Floor2,TypeC
1010,2025-04-07 01:05:12,19.61,34.91,BuildingA_Floor2,TypeA
1054,2025-04-07 10:16:59,33.62,43.74,BuildingB_Floor1,TypeB
1038,2025-04-06 18:39:21,18.92,65.95,BuildingA_Floor1,TypeB
1063,2025-04-06 16:00:11,32.37,65.48,BuildingA_Floor1,TypeC
1095,2025-04-08 11:22:21,19.64,66.14,BuildingA_Floor1,TypeC
1076,2025-04-06 19:57:24,18.99,79.09,BuildingB_Floor1,TypeA
1046,2025-04-08 21:37:43,26.52,75.36,BuildingA_Floor1,TypeC
1009,2025-04-05 07:49:52,20.25,72.81,BuildingB_Floor1,TypeA
1041,2025-04-05 12:52:46,28.5,62.86,BuildingA_Floor1,TypeA
1017,2025-04-05 11:03:38,32.62,57.48,BuildingB_Floor1,TypeC
1096,2025-04-08 06:15:28,19.24,31.63,BuildingA_Floor1,TypeA
1048,2025-04-06 16:32:50,23.96,38.66,BuildingA_Floor2,TypeA
1018,2025-04-08 06:58:54,20.67,62.62,BuildingB_Floor1,TypeC
1034,2025-04-08 11:11:20,33.51,64.69,BuildingA_Floor2,TypeC
1097,2025-04-07 05:21:15,34.14,47.35,BuildingB_Floor2,TypeB
1054,2025-04-05 17:07:30,28.68,79.0,BuildingB_Floor1,TypeB
1005,2025-04-06 20:03:26,17.61,71.89,BuildingB_Floor1,TypeA
1089,2025-04-09 10:34:34,32.98,61.1,BuildingA_Floor1,TypeA
1034,2025-04-05 07:00:22,24.49,63.22,BuildingB_Floor1,TypeA
1096,2025-04-05 04:04:29,25.73,64.58,BuildingB_Floor2,TypeC
1012,2025-04-05 19:28:29,21.4,67.77,BuildingA_Floor1,TypeA
1069,2025-04-07 16:45:40,34.16,72.55,BuildingB_Floor1,TypeC
1029,2025-04-07 03:39:03,34.65,56.29,BuildingA_Floor1,TypeA
1001,2025-04-06 20:58:43,34.94,55.92,BuildingA_Floor2,TypeB
1044,2025-04-08 10:41:56,25.12,39.51,BuildingB_Floor2,TypeB
1026,2025-04-05 22:13:09,17.97,45.48,BuildingB_Floor1,TypeB
1079,2025-04-09 11:35:53,29.27,47.29,BuildingB_Floor1,TypeA
1053,2025-04-05 04:51:14,21.0,44.69,BuildingA_Floor2,TypeB
1013,2025-04-06 04:24:56,18.69,31.47,BuildingB_Floor2,TypeC
1065,2025-04-08 06:38:40,18.35,65.17,BuildingA_Floor1,TypeB
1034,2025-04-07 13:48:20,16.83,75.27,BuildingA_Floor2,TypeC
1080,2025-04-06 01:24:42,30.95,36.85,BuildingB_Floor2,TypeC
1057,2025-04-08 15:03:59,29.71,49.04,BuildingB_Floor2,TypeC
1083,2025-04-05 23:23:20,31.21,51.31,BuildingB_Floor2,TypeB
1080,2025-04-06 13:09:35,30.32,52.9,BuildingB_Floor2,TypeB
1067,2025-04-05 13:03:45,31.64,59.03,BuildingA_Floor2,TypeA
1094,2025-04-06 21:00:20,30.26,49.72,BuildingA_Floor2,TypeC
1018,2025-04-05 17:28:04,30.17,53.58,BuildingA_Floor1,TypeA
1040,2025-04-07 02:25:32,18.79,48.77,BuildingA_Floor1,TypeC
1037,2025-04-04 23:11:23,25.63,57.14,BuildingB_Floor1,TypeB
1098,2025-04-05 08:32:01,24.17,59.65,BuildingB_Floor2,TypeC
1058,2025-04-07 13:17:40,28.57,37.6,BuildingA_Floor2,TypeC
1052,2025-04-06 08:04:50,16.15,77.05,BuildingA_Floor2,TypeA
1063,2025-04-09 02:47:45,27.37,38.25,BuildingB_Floor1,TypeA
1090,2025-04-05 18:09:13,17.46,53.34,BuildingA_Floor1,TypeB
1090,2025-04-07 19:00:29,22.35,59.8,BuildingB_Floor1,TypeB
1017,2025-04-09 02:57:27,25.89,67.49,BuildingB_Floor2,TypeA
1006,2025-04-05 08:25:58,16.14,41.43,BuildingA_Floor1,TypeC
1005,2025-04-08 17:49:13,32.47,53.96,BuildingA_Floor2,TypeB
1001,2025-04-06 08:14:13,28.08,56.83,BuildingB_Floor2,TypeC
1071,2025-04-06 04:39:19,31.96,68.21,BuildingA_Floor2,TypeA
1042,2025-04-07 08:22:17,21.84,58.84,BuildingB_Floor2,TypeB
1057,2025-04-07 08:35:31,23.35,44.0,BuildingA_Floor1,TypeC
1089,2025-04-05 16:43:15,23.29,31.37,BuildingA_Floor1,TypeC
1066,2025-04-08 19:22:54,18.83,79.19,BuildingB_Floor1,TypeC
1081,2025-04-06 06:28:58,26.13,47.93,BuildingA_Floor2,TypeA
1083,2025-04-06 07:16:16,18.48,42.51,BuildingA_Floor2,TypeB
1090,2025-04-05 14:38:05,17.37,68.81,BuildingB_Floor2,TypeB
1080,2025-04-09 05:43:02,17.2,38.23,BuildingB_Floor1,TypeC
1071,2025-04-08 03:54:37,23.17,57.46,BuildingB_Floor1,TypeB
1068,2025-04-08 11:05:49,28.98,69.27,BuildingB_Floor1,TypeB
1019,2025-04-05 23:18:54,24.69,50.39,BuildingA_Floor1,TypeA
1058,2025-04-08 09:44:20,25.47,74.33,BuildingA_Floor2,TypeB
1014,2025-04-08 08:19:14,21.82,73.47,BuildingB_Floor2,TypeB
1083,2025-04-07 02:37:49,20.34,40.42,BuildingA_Floor2,TypeA
1018,2025-04-07 22:17:44,28.55,57.27,BuildingA_Floor1,TypeA
1083,2025-04-08 22:46:36,31.08,44.93,BuildingA_Floor1,TypeA
1008,2025-04-08 22:11:43,16.5,53.43,BuildingB_Floor2,TypeC
1029,2025-04-06 17:36:28,20.56,49.26,BuildingB_Floor2,TypeB
1039,2025-04-09 12:24:30,18.35,63.18,BuildingB_Floor1,TypeB
1085,2025-04-08 06:53:58,17.04,67.01,BuildingB_Floor2,TypeB
1044,2025-04-09 05:17:01,28.25,51.78,BuildingA_Floor2,TypeB
1068,2025-04-07 15:31:46,27.32,46.09,BuildingA_Floor2,TypeB
1006,2025-04-09 15:13:13,16.85,44.65,BuildingA_Floor2,TypeA
1094,2025-04-04 21:48:56,23.85,31.09,BuildingA_Floor1,TypeA
1074,2025-04-07 17:41:36,19.86,58.36,BuildingA_Floor1,TypeB
1035,2025-04-06 14:10:31,33.33,70.68,BuildingB_Floor1,TypeC
1022,2025-04-08 11:25:15,27.25,57.27,BuildingB_Floor2,TypeB
1031,2025-04-06 08:57:28,30.57,73.3,BuildingA_Floor1,TypeA
1079,2025-04-08 16:18:23,20.48,60.02,BuildingB_Floor1,TypeA
1044,2025-04-09 03:18:15,16.22,38.89,BuildingB_Floor2,TypeB
1022,2025-04-07 07:43:38,22.31,78.88,BuildingA_Floor1,TypeC
1049,2025-04-08 06:23:24,16.67,45.7,BuildingA_Floor2,TypeB
1089,2025-04-09 00:24:18,18.89,77.5,BuildingB_Floor1,TypeB
1060,2025-04-09 12:18:53,33.41,76.63,BuildingB_Floor2,TypeA
1014,2025-04-07 13:55:55,26.19,52.93,BuildingA_Floor2,TypeB
1058,2025-04-07 23:55:39,28.79,61.93,BuildingA_Floor1,TypeA
1060,2025-04-05 01:49:20,21.93,53.12,BuildingB_Floor1,TypeA
1084,2025-04-05 15:24:08,16.85,48.82,BuildingB_Floor1,TypeA
1026,2025-04-05 23:39:15,17.52,67.0,BuildingA_Floor1,TypeB
1043,2025-04-08 18:16:20,24.76,62.81,BuildingB_Floor1,TypeC
1046,2025-04-08 17:36:27,23.36,55.35,BuildingA_Floor2,TypeB
1050,2025-04-09 08:47:56,31.06,40.27,BuildingB_Floor1,TypeA
1005,2025-04-08 05:00:19,28.2,31.71,BuildingA_Floor1,TypeC
1007,2025-04-06 07:11:41,31.43,74.34,BuildingA_Floor2,TypeA
1062,2025-04-09 17:06:16,26.98,62.41,BuildingB_Floor1,TypeB
1076,2025-04-05 19:52:31,16.75,54.29,BuildingA_Floor1,TypeA
1074,2025-04-06 20:10:38,23.38,75.42,BuildingB_Floor2,TypeA
1037,2025-04-09 06:33:21,28.97,77.71,BuildingB_Floor2,TypeB
1076,2025-04-04 23:49:13,32.53,73.56,BuildingA_Floor1,TypeB
1083,2025-04-04 21:23:37,18.4,49.78,BuildingB_Floor2,TypeC
1038,2025-04-06 21:56:25,28.72,50.87,BuildingB_Floor1,TypeA
1007,2025-04-06 03:16:39,33.75,53.67,BuildingA_Floor1,TypeB
1002,2025-04-07 07:48:56,33.18,30.86,BuildingA_Floor2,TypeA
1054,2025-04-05 02:23:07,21.48,77.58,BuildingB_Floor1,TypeC
1057,2025-04-09 05:10:02,20.04,72.25,BuildingB_Floor1,TypeA
1043,2025-04-08 00:37:33,25.23,73.35,BuildingA_Floor2,TypeB
1000,2025-04-09 06:54:17,22.85,70.77,BuildingB_Floor2,TypeA
1036,2025-04-07 13:46:14,20.42,47.91,BuildingA_Floor2,TypeA
1056,2025-04-04 18:28:38,28.14,71.39,BuildingA_Floor2,TypeC
1031,2025-04-05 17:52:50,32.32,37.77,BuildingA_Floor2,TypeA
1004,2025-04-04 23:13:38,15.46,39.31,BuildingA_Floor1,TypeC
1066,2025-04-06 01:16:31,29.7,72.33,BuildingA_Floor2,TypeC
1015,2025-04-09 10:44:38,32.8,42.85,BuildingA_Floor2,TypeA
1075,2025-04-07 06:23:51,31.09,69.02,BuildingA_Floor1,TypeB
1038,2025-04-04 23:17:39,26.34,53.81,BuildingA_Floor2,TypeA
1081,2025-04-09 10:33:32,32.83,31.66,BuildingA_Floor1,TypeA
1017,2025-04-09 12:20:22,28.76,62.61,BuildingA_Floor2,TypeB
1065,2025-04-08 23:19:44,26.95,34.7,BuildingB_Floor1,TypeB
1071,2025-04-08 17:27:17,24.68,77.85,BuildingA_Floor2,TypeB
1035,2025-04-05 08:24:14,17.32,60.56,BuildingB_Floor2,TypeA
1069,2025-04-07 08:05:56,15.86,60.52,BuildingA_Floor2,TypeC
1086,2025-04-08 00:34:30,33.04,56.78,BuildingA_Floor1,TypeB
1052,2025-04-09 15:24:25,15.97,72.88,BuildingA_Floor1,TypeA
1083,2025-04-04 21:02:10,23.28,72.46,BuildingB_Floor1,TypeA
1016,2025-04-05 17:30:36,33.12,54.04,BuildingB_Floor1,TypeC
1074,2025-04-08 16:45:32,17.13,72.53,BuildingB_Floor1,TypeC
1048,2025-04-06 08:39:11,17.92,52.27,BuildingA_Floor2,TypeB
1062,2025-04-09 05:38:09,24.78,47.25,BuildingB_Floor1,TypeB
1021,2025-04-09 14:12:40,19.01,46.78,BuildingA_Floor2,TypeA
1016,2025-04-07 08:32:36,20.25,50.34,BuildingB_Floor2,TypeC
1087,2025-04-09 14:35:26,21.04,32.66,BuildingB_Floor1,TypeB
1093,2025-04-05 19:13:47,29.12,59.95,BuildingB_Floor1,TypeC
1051,2025-04-04 21:21:27,28.69,69.88,BuildingA_Floor1,TypeB
1085,2025-04-05 15:37:20,25.88,56.09,BuildingB_Floor1,TypeA
1051,2025-04-06 07:18:45,21.02,65.02,BuildingA_Floor2,TypeC
1092,2025-04-09 10:36:32,29.88,48.36,BuildingA_Floor2,TypeB
1015,2025-04-06 04:28:02,32.88,53.72,BuildingA_Floor2,TypeA
1082,2025-04-09 11:52:34,29.56,63.68,BuildingB_Floor2,TypeA
1005,2025-04-08 13:17:30,18.85,37.92,BuildingB_Floor1,TypeB
1003,2025-04-07 09:49:24,23.64,42.79,BuildingA_Floor1,TypeC
1073,2025-04-07 14:05:48,25.83,36.38,BuildingA_Floor1,TypeB
1086,2025-04-07 16:20:12,24.73,54.95,BuildingB_Floor1,TypeC
1090,2025-04-08 01:35:41,30.98,61.74,BuildingA_Floor2,TypeA
1077,2025-04-04 23:14:07,26.02,31.4,BuildingA_Floor1,TypeC
1041,2025-04-07 09:27:46,19.51,70.6,BuildingB_Floor1,TypeA
1005,2025-04-05 09:24:16,20.84,77.77,BuildingA_Floor1,TypeC
1017,2025-04-07 05:41:51,22.09,70.36,BuildingB_Floor2,TypeA
1064,2025-04-07 08:25:15,24.29,74.95,BuildingA_Floor2,TypeB
1086,2025-04-06 02:18:18,27.66,63.74,BuildingB_Floor2,TypeA
1062,2025-04-09 12:13:42,27.64,74.34,BuildingA_Floor1,TypeA
1013,2025-04-08 12:40:36,18.02,30.18,BuildingB_Floor2,TypeB
1060,2025-04-09 15:13:42,25.12,79.29,BuildingA_Floor1,TypeB
1072,2025-04-08 11:14:40,17.65,49.05,BuildingB_Floor1,TypeC
1071,2025-04-07 11:35:55,22.88,34.36,BuildingB_Floor1,TypeB
1064,2025-04-07 04:08:05,20.9,66.15,BuildingA_Floor2,TypeA
1044,2025-04-08 05:32:23,28.2,36.5,BuildingA_Floor2,TypeB
1001,2025-04-08 09:14:56,28.91,50.29,BuildingB_Floor2,TypeA
1081,2025-04-05 09:45:07,19.24,48.19,BuildingA_Floor1,TypeB
1078,2025-04-06 00:15:14,16.79,56.43,BuildingA_Floor2,TypeA
1090,2025-04-09 02:53:57,32.67,78.91,BuildingB_Floor2,TypeB
1028,2025-04-05 10:29:21,32.74,39.12,BuildingB_Floor1,TypeA
1087,2025-04-05 09:11:57,33.59,66.62,BuildingB_Floor1,TypeB
